position_id,member_code,status,upline_id,upline_code,referrer_id,referrer_code,self_pt,active,force_active,parent_source
1087,40431001,autoship,1418,82179501,1418,82179501,0,1,1,SAME
1455,86820601,active,1087,40431001,1134,44504701,150,1,0,DIFF
1157,47015001,withdrawn,1455,86820601,1455,86820601,0,0,0,SAME
822,12409201,withdrawn,1157,47015001,1157,47015001,0,0,0,SAME
823,12409202,withdrawn,822,12409201,822,12409201,0,0,0,SAME
824,12409203,withdrawn,822,12409201,822,12409201,0,0,0,SAME
1456,86820602,active,1455,86820601,1455,86820601,150,1,0,SAME
908,19666401,active,1456,86820602,1456,86820602,150,1,0,SAME
896,18625501,active,908,19666401,908,19666401,150,1,0,SAME
909,19666402,withdrawn,908,19666401,908,19666401,0,0,0,SAME
994,28293901,active,909,19666402,909,19666402,150,1,0,SAME
1405,80041701,withdrawn,994,28293901,994,28293901,0,0,0,SAME
956,24979001,active,908,19666401,908,19666401,150,1,0,SAME
1071,39235701,active,908,19666401,908,19666401,0,0,0,SAME
1182,49397101,withdrawn,908,19666401,908,19666401,0,0,0,SAME
1408,80512401,withdrawn,908,19666401,908,19666401,0,0,0,SAME
980,27257101,withdrawn,1456,86820602,1456,86820602,0,0,0,SAME
998,28802201,active,1456,86820602,1456,86820602,150,1,0,SAME
999,28802202,active,998,28802201,998,28802201,150,1,0,SAME
874,16083301,active,999,28802202,999,28802202,300,1,0,SAME
1132,44283401,withdrawn,874,16083301,874,16083301,0,0,0,SAME
1227,56748401,withdrawn,874,16083301,874,16083301,0,0,0,SAME
924,21177601,active,999,28802202,999,28802202,0,0,0,SAME
1190,50152201,active,999,28802202,999,28802202,150,1,0,SAME
1488,89491901,lapsed,1190,50152201,1190,50152201,0,0,0,SAME
1284,64432701,active,999,28802202,999,28802202,150,1,0,SAME
1308,66767001,active,999,28802202,999,28802202,150,1,0,SAME
847,14420501,withdrawn,1308,66767001,1308,66767001,0,0,0,SAME
944,22885101,withdrawn,1308,66767001,1308,66767001,0,0,0,SAME
1085,40277001,active,1308,66767001,1308,66767001,0,0,0,SAME
955,24879301,withdrawn,1085,40277001,1085,40277001,0,0,0,SAME
1067,38563301,withdrawn,1085,40277001,1085,40277001,0,0,0,SAME
1521,93017801,withdrawn,1085,40277001,1085,40277001,0,0,0,SAME
1407,80296301,active,1308,66767001,1308,66767001,0,0,0,SAME
1369,73542001,withdrawn,999,28802202,999,28802202,0,0,0,SAME
1425,83011301,active,999,28802202,999,28802202,0,0,0,SAME
1000,28802203,withdrawn,998,28802201,998,28802201,0,0,0,SAME
1001,28802204,withdrawn,998,28802201,998,28802201,0,0,0,SAME
1002,28802205,withdrawn,998,28802201,998,28802201,0,0,0,SAME
1263,62012801,autoship,998,28802201,998,28802201,0,0,0,SAME
1072,39274401,withdrawn,1263,62012801,1263,62012801,0,0,0,SAME
1264,62012804,withdrawn,1263,62012801,1263,62012801,0,0,0,SAME
2051,62012802,withdrawn,1263,62012801,1263,62012801,0,0,0,SAME
1093,40742701,withdrawn,2051,62012802,2051,62012802,0,0,0,SAME
1194,50614701,withdrawn,2051,62012802,2051,62012802,0,0,0,SAME
1373,74816101,autoship,2051,62012802,2051,62012802,0,0,0,SAME
2052,62012803,withdrawn,1263,62012801,1263,62012801,0,0,0,SAME
856,15104701,autoship,2052,62012803,2052,62012803,0,0,0,SAME
897,18745701,active,2052,62012803,2052,62012803,150,1,0,SAME
898,18745702,active,897,18745701,897,18745701,150,1,0,SAME
1226,56456201,withdrawn,2052,62012803,2052,62012803,0,0,0,SAME
1406,80042001,withdrawn,2052,62012803,2052,62012803,0,0,0,SAME
1463,87996501,withdrawn,2052,62012803,2052,62012803,0,0,0,SAME
1504,91337501,withdrawn,2052,62012803,2052,62012803,0,0,0,SAME
1437,84545101,active,1504,91337501,1504,91337501,0,0,0,SAME
1524,93488801,active,998,28802201,998,28802201,150,1,0,SAME
828,12877601,active,1524,93488801,1524,93488801,150,1,0,SAME
1080,39636101,active,1524,93488801,1524,93488801,0,0,0,SAME
883,17105301,withdrawn,1080,39636101,1080,39636101,0,0,0,SAME
989,27936701,active,1080,39636101,1080,39636101,150,1,0,SAME
1106,42463201,active,1080,39636101,1080,39636101,0,0,0,SAME
1236,58344001,active,1524,93488801,1524,93488801,150,1,0,SAME
937,22065801,withdrawn,1236,58344001,1236,58344001,0,0,0,SAME
1292,65466501,active,1524,93488801,1524,93488801,150,1,0,SAME
1031,32524501,active,1292,65466501,1292,65466501,0,0,0,SAME
1293,65466502,active,1292,65466501,1292,65466501,150,1,0,SAME
842,14142101,active,1293,65466502,1293,65466502,150,1,0,SAME
1096,41198701,withdrawn,1293,65466502,998,28802201,0,0,0,DIFF
1122,43341401,withdrawn,1293,65466502,998,28802201,0,0,0,DIFF
1433,84347201,active,1292,65466501,1292,65466501,0,0,0,SAME
1434,84372601,active,1292,65466501,1292,65466501,150,1,0,SAME
1552,96598101,withdrawn,1292,65466501,1292,65466501,0,0,0,SAME
1199,51848901,withdrawn,1456,86820602,1456,86820602,0,0,0,SAME
1180,49332301,withdrawn,1199,51848901,1199,51848901,0,0,0,SAME
1298,65891601,active,1456,86820602,1456,86820602,150,1,0,SAME
1299,65891602,withdrawn,1298,65891601,1298,65891601,0,0,0,SAME
1111,42700301,withdrawn,1299,65891602,1299,65891602,0,0,0,SAME
1310,67120501,withdrawn,1299,65891602,1299,65891602,0,0,0,SAME
1445,85508801,active,1298,65891601,1298,65891601,150,1,0,SAME
1006,29208701,withdrawn,1445,85508801,1445,85508801,0,0,0,SAME
1094,41035101,active,1445,85508801,1445,85508801,0,0,0,SAME
1187,49987601,active,1445,85508801,1445,85508801,0,0,0,SAME
1495,90639901,withdrawn,1298,65891601,1298,65891601,0,0,0,SAME
1482,89144401,lapsed,1456,86820602,1456,86820602,0,0,0,SAME
817,12091201,active,1482,89144401,1482,89144401,150,1,0,SAME
818,12091202,active,817,12091201,817,12091201,150,1,0,SAME
934,21813601,active,818,12091202,818,12091202,0,0,0,SAME
1523,93395501,active,934,21813601,934,21813601,150,1,0,SAME
1113,42764201,active,818,12091202,818,12091202,150,1,0,SAME
913,19933001,active,817,12091201,817,12091201,150,1,0,SAME
1141,45586301,withdrawn,913,19933001,913,19933001,0,0,0,SAME
1271,62427801,withdrawn,913,19933001,913,19933001,0,0,0,SAME
988,27845501,lapsed,1271,62427801,1271,62427801,0,0,0,SAME
946,23158701,active,817,12091201,817,12091201,150,1,0,SAME
968,26109401,active,817,12091201,817,12091201,150,1,0,SAME
872,15987401,withdrawn,968,26109401,968,26109401,0,0,0,SAME
1240,59072101,active,968,26109401,968,26109401,0,0,0,SAME
1559,97634701,withdrawn,968,26109401,968,26109401,0,0,0,SAME
1565,98315201,active,817,12091201,817,12091201,150,1,0,SAME
885,17150301,active,1482,89144401,1482,89144401,0,0,0,SAME
886,17150302,withdrawn,885,17150301,885,17150301,0,0,0,SAME
1098,41551501,withdrawn,885,17150301,885,17150301,0,0,0,SAME
1137,45280301,withdrawn,1482,89144401,1482,89144401,0,0,0,SAME
1231,57403101,withdrawn,1482,89144401,1482,89144401,0,0,0,SAME
900,18951801,withdrawn,1231,57403101,1482,89144401,0,0,0,DIFF
995,28426401,withdrawn,1231,57403101,1482,89144401,0,0,0,DIFF
1480,89019701,withdrawn,1482,89144401,1482,89144401,0,0,0,SAME
1448,85742201,withdrawn,1480,89019701,1480,89019701,0,0,0,SAME
1483,89144402,withdrawn,1482,89144401,1482,89144401,0,0,0,SAME
992,28129701,withdrawn,1483,89144402,1483,89144402,0,0,0,SAME
1496,90671701,lapsed,1483,89144402,1483,89144402,0,0,0,SAME
1457,86820603,active,1455,86820601,1455,86820601,150,1,0,SAME
812,11494201,active,1457,86820603,1457,86820603,150,1,0,SAME
929,21532701,active,1457,86820603,1457,86820603,150,1,0,SAME
838,13941301,active,929,21532701,929,21532701,150,1,0,SAME
839,13941302,withdrawn,838,13941301,838,13941301,0,0,0,SAME
1353,71985301,withdrawn,838,13941301,838,13941301,0,0,0,SAME
1502,91111801,withdrawn,838,13941301,838,13941301,0,0,0,SAME
930,21532702,active,929,21532701,929,21532701,150,1,0,SAME
807,10900401,withdrawn,930,21532702,930,21532702,0,0,0,SAME
907,19578301,withdrawn,930,21532702,930,21532702,0,0,0,SAME
931,21532703,withdrawn,929,21532701,929,21532701,0,0,0,SAME
1128,43923801,withdrawn,931,21532703,931,21532703,0,0,0,SAME
1179,49030601,withdrawn,931,21532703,931,21532703,0,0,0,SAME
1256,61012501,withdrawn,931,21532703,931,21532703,0,0,0,SAME
1257,61012502,withdrawn,1256,61012501,1256,61012501,0,0,0,SAME
1258,61012503,withdrawn,1256,61012501,1256,61012501,0,0,0,SAME
1259,61012504,withdrawn,1256,61012501,1256,61012501,0,0,0,SAME
932,21532704,withdrawn,929,21532701,929,21532701,0,0,0,SAME
959,25290001,active,929,21532701,929,21532701,150,1,0,SAME
844,14260001,active,959,25290001,959,25290001,150,1,0,SAME
845,14260002,withdrawn,844,14260001,844,14260001,0,0,0,SAME
904,19437401,active,959,25290001,959,25290001,150,1,0,SAME
905,19437402,withdrawn,904,19437401,904,19437401,0,0,0,SAME
923,21083301,withdrawn,904,19437401,904,19437401,0,0,0,SAME
1136,45139301,withdrawn,904,19437401,904,19437401,0,0,0,SAME
960,25290002,withdrawn,959,25290001,959,25290001,0,0,0,SAME
1202,53606401,active,959,25290001,959,25290001,150,1,0,SAME
1203,53606402,withdrawn,1202,53606401,1202,53606401,0,0,0,SAME
1391,77539101,withdrawn,1202,53606401,1202,53606401,0,0,0,SAME
1435,84373501,withdrawn,1202,53606401,1202,53606401,0,0,0,SAME
1041,34185001,active,929,21532701,929,21532701,0,0,0,SAME
1474,88898501,active,929,21532701,929,21532701,150,1,0,SAME
1475,88898502,withdrawn,1474,88898501,1474,88898501,0,0,0,SAME
1043,34297101,withdrawn,1457,86820603,1457,86820603,0,0,0,SAME
1047,35131901,withdrawn,1457,86820603,1457,86820603,0,0,0,SAME
1269,62339501,withdrawn,1457,86820603,1457,86820603,0,0,0,SAME
1243,59832301,withdrawn,1269,62339501,1269,62339501,0,0,0,SAME
1275,63088401,withdrawn,1457,86820603,1457,86820603,0,0,0,SAME
1025,31789201,withdrawn,1275,63088401,1275,63088401,0,0,0,SAME
1268,62321701,withdrawn,1275,63088401,1275,63088401,0,0,0,SAME
1532,93830701,withdrawn,1275,63088401,1275,63088401,0,0,0,SAME
1375,74999501,withdrawn,1532,93830701,1532,93830701,0,0,0,SAME
1525,93713601,active,1457,86820603,1457,86820603,150,1,0,SAME
1378,76161301,withdrawn,1525,93713601,1525,93713601,0,0,0,SAME
1354,72073401,withdrawn,1378,76161301,1378,76161301,0,0,0,SAME
1290,64807801,withdrawn,1354,72073401,1354,72073401,0,0,0,SAME
1355,72073402,withdrawn,1354,72073401,1354,72073401,0,0,0,SAME
1356,72073403,withdrawn,1354,72073401,1354,72073401,0,0,0,SAME
1379,76161302,withdrawn,1378,76161301,1378,76161301,0,0,0,SAME
1380,76161303,withdrawn,1378,76161301,1378,76161301,0,0,0,SAME
1381,76161304,withdrawn,1378,76161301,1378,76161301,0,0,0,SAME
1526,93713602,active,1525,93713601,1525,93713601,150,1,0,SAME
826,12654601,withdrawn,1526,93713602,1526,93713602,0,0,0,SAME
815,11818101,withdrawn,826,12654601,826,12654601,0,0,0,SAME
827,12654602,withdrawn,826,12654601,826,12654601,0,0,0,SAME
1568,98972601,withdrawn,826,12654601,826,12654601,0,0,0,SAME
853,14857601,active,1526,93713602,1526,93713602,150,1,0,SAME
848,14454201,withdrawn,853,14857601,853,14857601,0,0,0,SAME
854,14857602,withdrawn,853,14857601,853,14857601,0,0,0,SAME
967,26083901,active,854,14857602,1525,93713601,0,0,0,DIFF
1130,44127601,withdrawn,854,14857602,853,14857601,0,0,0,DIFF
1359,72395501,withdrawn,853,14857601,853,14857601,0,0,0,SAME
1360,72395502,withdrawn,1359,72395501,1359,72395501,0,0,0,SAME
803,10749901,withdrawn,1360,72395502,1359,72395501,0,0,0,DIFF
1516,92703301,active,1360,72395502,1359,72395501,150,1,0,DIFF
1396,78737401,withdrawn,1359,72395501,1359,72395501,0,0,0,SAME
875,16320001,withdrawn,1396,78737401,1359,72395501,0,0,0,DIFF
1089,40506001,withdrawn,1396,78737401,1359,72395501,0,0,0,DIFF
1487,89459001,active,853,14857601,853,14857601,0,0,0,SAME
977,26924601,withdrawn,1487,89459001,1487,89459001,0,0,0,SAME
1097,41457501,active,1487,89459001,1487,89459001,0,0,0,SAME
1039,34027001,active,1526,93713602,1526,93713602,150,1,0,SAME
1040,34027002,withdrawn,1039,34027001,1039,34027001,0,0,0,SAME
867,15671101,autoship,1040,34027002,1039,34027001,0,0,0,DIFF
1152,46469101,withdrawn,1040,34027002,1039,34027001,0,0,0,DIFF
1328,68934401,withdrawn,1039,34027001,1039,34027001,0,0,0,SAME
1329,68934402,withdrawn,1328,68934401,1328,68934401,0,0,0,SAME
1030,32220701,withdrawn,1329,68934402,1328,68934401,0,0,0,DIFF
1497,90822701,active,1328,68934401,1328,68934401,0,0,0,SAME
1404,80024301,active,1039,34027001,1039,34027001,150,1,0,SAME
1503,91256901,lapsed,1039,34027001,1039,34027001,0,0,0,SAME
1068,38974401,active,1526,93713602,1526,93713602,150,1,0,SAME
843,14247201,active,1068,38974401,1068,38974401,0,0,0,SAME
857,15142401,active,1068,38974401,1068,38974401,0,0,0,SAME
1057,37606501,active,1068,38974401,1068,38974401,150,1,0,SAME
821,12376001,active,1057,37606501,1057,37606501,0,0,0,SAME
1301,65902401,active,1057,37606501,1057,37606501,0,0,0,SAME
1069,38974402,lapsed,1068,38974401,1068,38974401,0,0,0,SAME
1163,47651301,active,1526,93713602,1526,93713602,0,0,0,SAME
1029,32189501,withdrawn,1163,47651301,1163,47651301,0,0,0,SAME
1164,47651302,withdrawn,1163,47651301,1163,47651301,0,0,0,SAME
1392,77645801,active,1163,47651301,1163,47651301,150,1,0,SAME
1430,83528001,active,1163,47651301,1163,47651301,150,1,0,SAME
1172,48598901,active,1526,93713602,1526,93713602,150,1,0,SAME
811,11304301,withdrawn,1172,48598901,1172,48598901,0,0,0,SAME
1158,47356801,active,1172,48598901,1172,48598901,150,1,0,SAME
1009,30144401,lapsed,1158,47356801,1158,47356801,0,0,0,SAME
1010,30144402,withdrawn,1009,30144401,1009,30144401,0,0,0,SAME
1011,30144403,withdrawn,1009,30144401,1009,30144401,0,0,0,SAME
1402,79625401,withdrawn,1009,30144401,1009,30144401,0,0,0,SAME
1566,98583901,withdrawn,1009,30144401,1158,47356801,0,0,0,DIFF
1574,99838201,withdrawn,1009,30144401,1158,47356801,0,0,0,DIFF
1159,47356802,active,1158,47356801,1158,47356801,150,1,0,SAME
837,13706101,active,1159,47356802,1159,47356802,0,0,0,SAME
1034,32961801,active,1159,47356802,1158,47356801,150,1,0,DIFF
881,16681401,active,1034,32961801,1525,93713601,150,1,0,DIFF
1188,50030001,active,1034,32961801,1172,48598901,150,1,0,DIFF
933,21541901,active,1188,50030001,1525,93713601,150,1,0,DIFF
1054,36180901,withdrawn,1188,50030001,1172,48598901,0,0,0,DIFF
1116,42899401,withdrawn,1188,50030001,1158,47356801,0,0,0,DIFF
979,27130901,withdrawn,1116,42899401,1172,48598901,0,0,0,DIFF
1101,41796301,active,1116,42899401,1158,47356801,0,0,0,DIFF
1129,44109701,withdrawn,1116,42899401,1525,93713601,0,0,0,DIFF
1055,37199001,withdrawn,1159,47356802,1158,47356801,0,0,0,DIFF
1161,47379101,active,1159,47356802,1159,47356802,150,1,0,SAME
1237,58597501,withdrawn,1159,47356802,1159,47356802,0,0,0,SAME
1337,69916301,active,1159,47356802,1525,93713601,0,0,0,DIFF
1531,93744501,active,1159,47356802,1159,47356802,0,0,0,SAME
1160,47356803,active,1158,47356801,1158,47356801,150,1,0,SAME
808,10905501,active,1160,47356803,1160,47356803,0,0,0,SAME
928,21497001,active,1160,47356803,1160,47356803,0,0,0,SAME
1086,40367001,withdrawn,1160,47356803,1160,47356803,0,0,0,SAME
1092,40727701,active,1160,47356803,1158,47356801,150,1,0,DIFF
1095,41102101,active,1160,47356803,1160,47356803,0,0,0,SAME
1249,60584101,active,1160,47356803,1160,47356803,0,0,0,SAME
1446,85509101,active,1160,47356803,1158,47356801,150,1,0,DIFF
1110,42591501,lapsed,1446,85509101,1446,85509101,0,0,0,SAME
1472,88494601,active,1160,47356803,1158,47356801,0,0,0,DIFF
1319,68273201,active,1158,47356801,1158,47356801,150,1,0,SAME
1021,31123201,withdrawn,1319,68273201,1319,68273201,0,0,0,SAME
1062,37761901,withdrawn,1319,68273201,1319,68273201,0,0,0,SAME
1313,67534401,active,1319,68273201,1319,68273201,150,1,0,SAME
1413,81390701,active,1319,68273201,1319,68273201,0,0,0,SAME
1421,82648301,active,1319,68273201,1319,68273201,0,0,0,SAME
1400,79215801,withdrawn,1421,82648301,1421,82648301,0,0,0,SAME
1517,92730401,withdrawn,1319,68273201,1319,68273201,0,0,0,SAME
1947,47356804,withdrawn,1158,47356801,1158,47356801,0,0,0,SAME
1173,48598902,withdrawn,1172,48598901,1172,48598901,0,0,0,SAME
1233,58054201,active,1173,48598902,1172,48598901,0,0,0,DIFF
1265,62114701,active,1233,58054201,1172,48598901,150,1,0,DIFF
1300,65895901,active,1233,58054201,1525,93713601,150,1,0,DIFF
1533,94273401,withdrawn,1173,48598902,1172,48598901,0,0,0,DIFF
1302,66348701,active,1533,94273401,1525,93713601,0,0,0,DIFF
1338,69969301,withdrawn,1533,94273401,1525,93713601,0,0,0,DIFF
1242,59575401,active,1172,48598901,1172,48598901,0,0,0,SAME
1248,60370701,withdrawn,1172,48598901,1172,48598901,0,0,0,SAME
1428,83219701,active,1172,48598901,1525,93713601,150,1,0,DIFF
1363,72706501,active,1428,83219701,1428,83219701,0,0,0,SAME
1527,93713603,active,1525,93713601,1525,93713601,150,1,0,SAME
798,10234001,active,1527,93713603,1527,93713603,0,0,0,SAME
891,18239801,active,1527,93713603,1527,93713603,0,0,0,SAME
1007,29550701,lapsed,891,18239801,891,18239801,0,0,0,SAME
1401,79505901,active,891,18239801,891,18239801,150,1,0,SAME
1672,18239802,withdrawn,891,18239801,891,18239801,0,0,0,SAME
993,28194401,active,1672,18239802,1527,93713603,150,1,0,DIFF
1492,90058701,active,993,28194401,1527,93713603,150,1,0,DIFF
1344,70379301,active,1672,18239802,1527,93713603,0,0,0,DIFF
1201,53458701,active,1344,70379301,1527,93713603,0,0,0,DIFF
1673,18239803,withdrawn,891,18239801,891,18239801,0,0,0,SAME
1576,99953901,active,1673,18239803,1527,93713603,0,0,0,DIFF
951,24230101,withdrawn,1527,93713603,1527,93713603,0,0,0,SAME
952,24230102,withdrawn,951,24230101,951,24230101,0,0,0,SAME
1238,58795401,withdrawn,952,24230102,951,24230101,0,0,0,DIFF
1331,69299501,withdrawn,1238,58795401,951,24230101,0,0,0,DIFF
978,27067501,active,1527,93713603,1527,93713603,0,0,0,SAME
1063,37779601,active,1527,93713603,1527,93713603,0,0,0,SAME
1124,43402501,withdrawn,1527,93713603,1527,93713603,0,0,0,SAME
1291,65048301,active,1124,43402501,1124,43402501,150,1,0,SAME
1339,70050901,active,1291,65048301,1291,65048301,0,0,0,SAME
1453,86495101,autoship,1291,65048301,1291,65048301,0,0,0,SAME
1307,66511701,active,1124,43402501,1124,43402501,150,1,0,SAME
1253,60962201,active,1527,93713603,1527,93713603,0,0,0,SAME
1303,66383701,active,1527,93713603,1527,93713603,0,0,0,SAME
1321,68429001,active,1527,93713603,1527,93713603,0,0,0,SAME
1549,96560401,active,1527,93713603,1527,93713603,0,0,0,SAME
1070,39219101,withdrawn,1549,96560401,1549,96560401,0,0,0,SAME
1154,46727901,active,1549,96560401,1549,96560401,0,0,0,SAME
899,18907501,withdrawn,1154,46727901,1154,46727901,0,0,0,SAME
1361,72533301,active,1154,46727901,1154,46727901,0,0,0,SAME
1491,90015801,active,1154,46727901,1154,46727901,0,0,0,SAME
1370,74292901,withdrawn,1549,96560401,1549,96560401,0,0,0,SAME
1550,96560402,lapsed,1549,96560401,1549,96560401,0,0,0,SAME
1112,42722701,withdrawn,1550,96560402,1527,93713603,0,0,0,DIFF
1553,96649501,active,1527,93713603,1527,93713603,150,1,0,SAME
1135,44981901,active,1553,96649501,1553,96649501,0,0,0,SAME
1535,94564301,active,1553,96649501,1553,96649501,150,1,0,SAME
1554,96649502,withdrawn,1553,96649501,1553,96649501,0,0,0,SAME
1528,93713604,active,1525,93713601,1525,93713601,150,1,0,SAME
855,14987301,active,1528,93713604,1528,93713604,150,1,0,SAME
1155,46785901,active,1528,93713604,1525,93713601,150,1,0,DIFF
1167,48344001,active,1528,93713604,1134,44504701,150,1,0,DIFF
1082,40205701,autoship,1167,48344001,1167,48344001,0,0,0,SAME
987,27813201,withdrawn,1082,40205701,1082,40205701,0,0,0,SAME
1053,35925301,withdrawn,1082,40205701,1082,40205701,0,0,0,SAME
1204,53626101,withdrawn,1053,35925301,1053,35925301,0,0,0,SAME
1083,40205702,withdrawn,1082,40205701,1082,40205701,0,0,0,SAME
1343,70241001,withdrawn,1082,40205701,1082,40205701,0,0,0,SAME
1168,48344002,active,1167,48344001,1167,48344001,150,1,0,SAME
869,15978301,active,1168,48344002,1168,48344002,150,1,0,SAME
870,15978302,active,869,15978301,869,15978301,0,0,0,SAME
958,25141501,active,870,15978302,869,15978301,0,0,0,DIFF
926,21402301,active,958,25141501,870,15978302,0,0,0,DIFF
1077,39591201,active,870,15978302,870,15978302,0,0,0,SAME
1078,39591202,withdrawn,1077,39591201,1077,39591201,0,0,0,SAME
1144,45736101,withdrawn,1078,39591202,1078,39591202,0,0,0,SAME
1079,39591203,withdrawn,1077,39591201,1077,39591201,0,0,0,SAME
1170,48545401,withdrawn,1077,39591201,1077,39591201,0,0,0,SAME
1444,85464801,active,870,15978302,870,15978302,0,0,0,SAME
1015,30778401,withdrawn,1444,85464801,869,15978301,0,0,0,DIFF
1536,94712601,active,870,15978302,870,15978302,0,0,0,SAME
1546,96301901,active,870,15978302,870,15978302,0,0,0,SAME
871,15978303,withdrawn,869,15978301,869,15978301,0,0,0,SAME
1064,38287001,withdrawn,869,15978301,1484,89248801,0,0,0,DIFF
1295,65708001,active,869,15978301,869,15978301,150,1,0,SAME
972,26621001,active,1295,65708001,1295,65708001,150,1,0,SAME
850,14676801,withdrawn,972,26621001,869,15978301,0,0,0,DIFF
1065,38406901,withdrawn,850,14676801,869,15978301,0,0,0,DIFF
973,26621002,active,972,26621001,972,26621001,150,1,0,SAME
830,13229201,autoship,973,26621002,1295,65708001,0,0,0,DIFF
831,13229202,autoship,830,13229201,830,13229201,0,0,0,SAME
919,20508701,withdrawn,831,13229202,869,15978301,0,0,0,DIFF
920,20508702,withdrawn,919,20508701,919,20508701,0,0,0,SAME
921,20508703,withdrawn,919,20508701,919,20508701,0,0,0,SAME
984,27427401,withdrawn,919,20508701,869,15978301,0,0,0,DIFF
1768,27427402,withdrawn,984,27427401,984,27427401,0,0,0,SAME
1769,27427403,withdrawn,984,27427401,984,27427401,0,0,0,SAME
832,13229203,autoship,830,13229201,830,13229201,0,0,0,SAME
1541,95579401,autoship,832,13229203,1295,65708001,0,0,0,DIFF
1555,96913901,withdrawn,832,13229203,973,26621002,0,0,0,DIFF
833,13229204,active,830,13229201,830,13229201,0,0,0,SAME
862,15382301,active,973,26621002,973,26621002,150,1,0,SAME
1309,66797501,active,862,15382301,862,15382301,150,1,0,SAME
945,22938201,active,973,26621002,972,26621001,150,1,0,DIFF
1046,35026101,withdrawn,973,26621002,973,26621002,0,0,0,SAME
1210,54418201,lapsed,973,26621002,973,26621002,0,0,0,SAME
1211,54418202,withdrawn,1210,54418201,1210,54418201,0,0,0,SAME
1140,45447801,active,1211,54418202,1210,54418201,150,1,0,DIFF
1332,69319501,withdrawn,1211,54418202,1168,48344002,0,0,0,DIFF
863,15481601,withdrawn,1332,69319501,1332,69319501,0,0,0,SAME
864,15481602,withdrawn,863,15481601,863,15481601,0,0,0,SAME
865,15481603,withdrawn,863,15481601,863,15481601,0,0,0,SAME
1228,56847301,withdrawn,1332,69319501,1168,48344002,0,0,0,DIFF
1333,69319502,withdrawn,1332,69319501,1332,69319501,0,0,0,SAME
1212,54418203,withdrawn,1210,54418201,1210,54418201,0,0,0,SAME
1317,67812701,active,1212,54418203,1210,54418201,300,1,0,DIFF
1239,58845001,withdrawn,973,26621002,973,26621002,0,0,0,SAME
974,26621003,withdrawn,972,26621001,972,26621001,0,0,0,SAME
975,26621004,withdrawn,972,26621001,972,26621001,0,0,0,SAME
976,26621005,withdrawn,972,26621001,972,26621001,0,0,0,SAME
1423,82752901,active,972,26621001,972,26621001,150,1,0,SAME
1296,65708002,active,1295,65708001,1295,65708001,150,1,0,SAME
834,13341801,withdrawn,1296,65708002,869,15978301,0,0,0,DIFF
1274,62936101,lapsed,1296,65708002,1296,65708002,0,0,0,SAME
1297,65708003,withdrawn,1295,65708001,1295,65708001,0,0,0,SAME
1422,82709001,active,1295,65708001,1295,65708001,150,1,0,SAME
1209,54373401,active,1422,82709001,1422,82709001,0,0,0,SAME
1494,90327801,active,1422,82709001,869,15978301,0,0,0,DIFF
1551,96567001,active,1295,65708001,869,15978301,0,0,0,DIFF
1562,98171801,withdrawn,869,15978301,869,15978301,0,0,0,SAME
887,17384601,active,1168,48344002,1168,48344002,0,0,0,SAME
981,27414701,active,1168,48344002,1168,48344002,150,1,0,SAME
947,23356101,active,981,27414701,981,27414701,150,1,0,SAME
1044,34576001,active,947,23356101,947,23356101,150,1,0,SAME
1165,47716501,withdrawn,947,23356101,947,23356101,0,0,0,SAME
1420,82294901,active,947,23356101,947,23356101,150,1,0,SAME
982,27414702,active,981,27414701,981,27414701,150,1,0,SAME
964,25538401,active,982,27414702,982,27414702,150,1,0,SAME
1100,41747701,active,982,27414702,982,27414702,150,1,0,SAME
1358,72276801,withdrawn,982,27414702,982,27414702,0,0,0,SAME
1514,91980301,withdrawn,982,27414702,982,27414702,0,0,0,SAME
1545,96183101,lapsed,982,27414702,1167,48344001,0,0,0,DIFF
1185,49681801,withdrawn,981,27414701,981,27414701,0,0,0,SAME
1364,72877901,withdrawn,981,27414701,1167,48344001,0,0,0,DIFF
1038,33912901,active,1168,48344002,1168,48344002,0,0,0,SAME
1250,60647401,withdrawn,1168,48344002,1168,48344002,0,0,0,SAME
1262,61632601,active,1168,48344002,1168,48344002,0,0,0,SAME
1169,48344003,active,1167,48344001,1167,48344001,150,1,0,SAME
802,10637501,withdrawn,1169,48344003,1169,48344003,0,0,0,SAME
1196,50937001,withdrawn,1169,48344003,1169,48344003,0,0,0,SAME
1372,74761101,withdrawn,1169,48344003,1169,48344003,0,0,0,SAME
1394,78108601,withdrawn,1169,48344003,1169,48344003,0,0,0,SAME
1032,32647101,active,1394,78108601,1169,48344003,150,1,0,DIFF
1561,97860601,active,1169,48344003,1169,48344003,0,0,0,SAME
1003,28860601,active,1561,97860601,1561,97860601,0,0,0,SAME
799,10486501,active,1003,28860601,1003,28860601,0,0,0,SAME
953,24237301,active,1003,28860601,1003,28860601,0,0,0,SAME
1051,35884501,active,1003,28860601,1003,28860601,0,0,0,SAME
1245,59901301,active,1003,28860601,1003,28860601,0,0,0,SAME
970,26570201,active,1245,59901301,1245,59901301,0,0,0,SAME
1575,99922101,active,1169,48344003,1169,48344003,0,0,0,SAME
810,11005201,withdrawn,1575,99922101,1169,48344003,0,0,0,DIFF
1336,69786001,active,1528,93713604,1525,93713601,150,1,0,DIFF
912,19920401,active,1336,69786001,1336,69786001,150,1,0,SAME
917,20321401,lapsed,1336,69786001,1336,69786001,0,0,0,SAME
1126,43691101,active,1336,69786001,1336,69786001,150,1,0,SAME
1181,49341501,active,1336,69786001,1336,69786001,0,0,0,SAME
1342,70212901,active,1336,69786001,1528,93713604,0,0,0,DIFF
1479,89015501,active,1528,93713604,1528,93713604,150,1,0,SAME
1542,95652501,active,1528,93713604,1528,93713604,150,1,0,SAME
1529,93713605,withdrawn,1525,93713601,1525,93713601,0,0,0,SAME
1530,93713606,withdrawn,1525,93713601,1525,93713601,0,0,0,SAME
1458,86820604,active,1455,86820601,1455,86820601,150,1,0,SAME
1056,37264901,active,1458,86820604,1458,86820604,0,0,0,SAME
1088,40436801,withdrawn,1458,86820604,1484,89248801,0,0,0,DIFF
1273,62777901,withdrawn,1088,40436801,1418,82179501,0,0,0,DIFF
938,22482301,active,1273,62777901,1455,86820601,150,1,0,DIFF
939,22482302,active,938,22482301,938,22482301,150,1,0,SAME
1143,45697201,active,939,22482302,938,22482301,150,1,0,DIFF
1058,37750901,withdrawn,1143,45697201,1143,45697201,0,0,0,SAME
1059,37750902,withdrawn,1058,37750901,1058,37750901,0,0,0,SAME
1037,33561501,withdrawn,1059,37750902,1059,37750902,0,0,0,SAME
1060,37750903,withdrawn,1058,37750901,1058,37750901,0,0,0,SAME
1061,37750904,withdrawn,1058,37750901,1058,37750901,0,0,0,SAME
1214,54598701,withdrawn,1143,45697201,1143,45697201,0,0,0,SAME
1215,54598702,withdrawn,1214,54598701,1214,54598701,0,0,0,SAME
1571,99384501,withdrawn,1215,54598702,1143,45697201,0,0,0,DIFF
895,18493501,lapsed,1571,99384501,1571,99384501,0,0,0,SAME
890,17982101,withdrawn,895,18493501,895,18493501,0,0,0,SAME
1320,68419201,withdrawn,890,17982101,1571,99384501,0,0,0,DIFF
1276,63161101,withdrawn,895,18493501,895,18493501,0,0,0,SAME
927,21476301,active,1571,99384501,1571,99384501,150,1,0,SAME
1176,48743801,active,1571,99384501,939,22482302,150,1,0,DIFF
1318,67998201,withdrawn,1176,48743801,1143,45697201,0,0,0,DIFF
925,21354001,active,1318,67998201,1318,67998201,0,0,0,SAME
1282,64072801,active,1318,67998201,1571,99384501,150,1,0,DIFF
1278,63634201,withdrawn,1282,64072801,939,22482302,0,0,0,DIFF
1547,96368901,active,1282,64072801,1282,64072801,0,0,0,SAME
1431,83954201,midCancel,1318,67998201,1318,67998201,0,0,0,SAME
1216,54598703,withdrawn,1214,54598701,1214,54598701,0,0,0,SAME
1500,91033401,active,939,22482302,939,22482302,0,0,0,SAME
1518,92863601,active,939,22482302,939,22482302,150,1,0,SAME
1441,85129301,withdrawn,1518,92863601,1518,92863601,0,0,0,SAME
1103,42165901,active,1441,85129301,939,22482302,0,0,0,DIFF
841,14076701,lapsed,1103,42165901,938,22482301,0,0,0,DIFF
1519,92863602,active,1518,92863601,1518,92863601,150,1,0,SAME
1208,54240701,active,1519,92863602,939,22482302,150,1,0,DIFF
1410,81035901,withdrawn,1208,54240701,939,22482302,0,0,0,DIFF
940,22482303,active,938,22482301,938,22482301,150,1,0,SAME
1013,30453701,active,940,22482303,940,22482303,150,1,0,SAME
1014,30453702,active,1013,30453701,1013,30453701,150,1,0,SAME
1012,30264601,active,1014,30453702,940,22482303,0,0,0,DIFF
1217,54619301,active,1012,30264601,1012,30264601,150,1,0,SAME
1218,54619302,active,1217,54619301,1217,54619301,150,1,0,SAME
1224,56403101,active,1217,54619301,1217,54619301,150,1,0,SAME
1520,92993201,active,1012,30264601,1012,30264601,150,1,0,SAME
1042,34243301,active,1013,30453701,1013,30453701,0,0,0,SAME
1121,43299101,active,1042,34243301,938,22482301,0,0,0,DIFF
906,19476001,active,1121,43299101,940,22482303,150,1,0,DIFF
868,15781301,active,906,19476001,906,19476001,150,1,0,SAME
1247,60303201,active,940,22482303,940,22482303,150,1,0,SAME
1543,95709201,active,1247,60303201,1247,60303201,150,1,0,SAME
1272,62595601,active,940,22482303,940,22482303,150,1,0,SAME
1563,98254201,active,940,22482303,938,22482301,0,0,0,DIFF
2356,98254202,active,1563,98254201,1563,98254201,0,0,0,SAME
1365,72911501,active,2356,98254202,938,22482301,150,1,0,DIFF
1366,72911502,withdrawn,1365,72911501,1365,72911501,0,0,0,SAME
1470,88379001,active,1366,72911502,1365,72911501,150,1,0,DIFF
1469,88323401,active,1470,88379001,940,22482303,150,1,0,DIFF
1567,98770301,withdrawn,1469,88323401,940,22482303,0,0,0,DIFF
1367,72911503,withdrawn,1365,72911501,1365,72911501,0,0,0,SAME
916,20312601,active,1367,72911503,1365,72911501,150,1,0,DIFF
882,16768301,lapsed,916,20312601,940,22482303,0,0,0,DIFF
2357,98254203,active,1563,98254201,1563,98254201,0,0,0,SAME
888,17448001,active,2357,98254203,1563,98254201,150,1,0,DIFF
1028,31947701,withdrawn,888,17448001,1563,98254201,0,0,0,DIFF
941,22482304,withdrawn,938,22482301,938,22482301,0,0,0,SAME
1102,42011501,active,1458,86820604,1458,86820604,0,0,0,SAME
1419,82212401,active,1458,86820604,1458,86820604,0,0,0,SAME
1534,94482101,active,1458,86820604,1458,86820604,0,0,0,SAME
1459,86820605,withdrawn,1455,86820601,1455,86820601,0,0,0,SAME
1460,86820606,withdrawn,1455,86820601,1455,86820601,0,0,0,SAME
1229,56926801,active,1418,82179501,1418,82179501,0,0,0,SAME
1539,95446801,active,1418,82179501,1484,89248801,0,1,1,DIFF
1283,64150101,active,1539,95446801,1539,95446801,0,1,1,SAME
943,22723101,active,1283,64150101,1484,89248801,0,0,0,DIFF
1123,43389401,active,943,22723101,943,22723101,0,0,0,SAME
1183,49509601,active,943,22723101,943,22723101,0,0,0,SAME
1371,74317601,active,943,22723101,943,22723101,0,0,0,SAME
1452,86470501,active,1371,74317601,1371,74317601,0,0,0,SAME
1114,42845501,autoship,1283,64150101,1134,44504701,150,1,0,DIFF
1115,42845503,withdrawn,1114,42845501,1114,42845501,0,0,0,SAME
1490,89837501,withdrawn,1115,42845503,1115,42845503,0,0,0,SAME
1207,53771801,active,1114,42845501,1114,42845501,0,0,0,SAME
1270,62350401,withdrawn,1114,42845501,1484,89248801,0,0,0,DIFF
893,18440201,withdrawn,1270,62350401,1270,62350401,0,0,0,SAME
1036,33281501,withdrawn,1270,62350401,1270,62350401,0,0,0,SAME
1145,46251301,withdrawn,1270,62350401,1539,95446801,0,0,0,DIFF
1234,58201101,withdrawn,1270,62350401,1270,62350401,0,0,0,SAME
1322,68521801,withdrawn,1270,62350401,1270,62350401,0,0,0,SAME
1507,91677101,withdrawn,1270,62350401,1270,62350401,0,0,0,SAME
1383,76348701,active,1114,42845501,1114,42845501,150,1,0,SAME
965,25765401,active,1383,76348701,1383,76348701,0,0,0,SAME
1384,76348702,active,1383,76348701,1383,76348701,150,1,0,SAME
1399,79027701,active,1384,76348702,1384,76348702,0,0,0,SAME
1424,82938301,active,1384,76348702,1384,76348702,150,1,0,SAME
1016,30841701,active,1424,82938301,1424,82938301,0,0,0,SAME
915,20045301,withdrawn,1016,30841701,1016,30841701,0,0,0,SAME
1323,68532401,active,915,20045301,1016,30841701,150,1,0,DIFF
1252,60900201,withdrawn,1016,30841701,1016,30841701,0,0,0,SAME
954,24688001,withdrawn,1252,60900201,1252,60900201,0,0,0,SAME
1033,32659701,withdrawn,1252,60900201,1252,60900201,0,0,0,SAME
1197,51416401,active,1252,60900201,1252,60900201,150,1,0,SAME
1515,92646601,autoship,1016,30841701,1016,30841701,0,0,0,SAME
911,19837401,withdrawn,1515,92646601,1515,92646601,0,0,0,SAME
2306,92646602,lapsed,1515,92646601,1515,92646601,0,0,0,SAME
2307,92646603,active,1515,92646601,1515,92646601,0,0,0,SAME
948,23870601,withdrawn,2307,92646603,1016,30841701,0,0,0,DIFF
1171,48559101,active,2307,92646603,2307,92646603,150,1,0,SAME
1510,91742901,active,2307,92646603,1016,30841701,150,1,0,DIFF
1198,51556601,active,1424,82938301,1424,82938301,0,0,0,SAME
804,10885801,active,1198,51556601,1198,51556601,150,1,0,SAME
805,10885802,withdrawn,804,10885801,804,10885801,0,0,0,SAME
1230,57251401,active,805,10885802,805,10885802,0,0,0,SAME
849,14578101,active,1230,57251401,1230,57251401,150,1,0,SAME
1219,54730301,active,1230,57251401,1230,57251401,0,0,0,SAME
1279,63636301,withdrawn,805,10885802,805,10885802,0,0,0,SAME
1312,67479101,withdrawn,805,10885802,805,10885802,0,0,0,SAME
806,10885803,withdrawn,804,10885801,804,10885801,0,0,0,SAME
1048,35132501,withdrawn,806,10885803,806,10885803,0,0,0,SAME
1050,35595801,withdrawn,806,10885803,806,10885803,0,0,0,SAME
1289,64730801,withdrawn,806,10885803,806,10885803,0,0,0,SAME
1017,30873401,withdrawn,804,10885801,804,10885801,0,0,0,SAME
1018,30873402,withdrawn,1017,30873401,1017,30873401,0,0,0,SAME
1019,30873403,withdrawn,1017,30873401,1017,30873401,0,0,0,SAME
1205,53631301,withdrawn,1017,30873401,1017,30873401,0,0,0,SAME
866,15647101,active,1198,51556601,1198,51556601,150,1,0,SAME
903,19397201,withdrawn,866,15647101,866,15647101,0,0,0,SAME
1066,38461001,midCancel,866,15647101,866,15647101,0,0,0,SAME
1522,93159001,active,866,15647101,866,15647101,0,0,0,SAME
1221,55686101,active,1198,51556601,1198,51556601,0,0,0,SAME
1222,55686102,withdrawn,1221,55686101,1221,55686101,0,0,0,SAME
1501,91111001,withdrawn,1222,55686102,1114,42845501,0,0,0,DIFF
1577,99994601,autoship,1221,55686101,1221,55686101,0,0,0,SAME
1286,64697001,withdrawn,1424,82938301,1424,82938301,0,0,0,SAME
1287,64697002,withdrawn,1286,64697001,1286,64697001,0,0,0,SAME
1213,54480201,withdrawn,1287,64697002,1287,64697002,0,0,0,SAME
1489,89717901,withdrawn,1287,64697002,1287,64697002,0,0,0,SAME
1506,91654601,withdrawn,1287,64697002,1287,64697002,0,0,0,SAME
1288,64697003,withdrawn,1286,64697001,1286,64697001,0,0,0,SAME
1442,85284801,withdrawn,1286,64697001,1286,64697001,0,0,0,SAME
1417,82064001,withdrawn,1442,85284801,1442,85284801,0,0,0,SAME
1481,89109001,active,1442,85284801,1442,85284801,150,1,0,SAME
1508,91713901,withdrawn,1442,85284801,1442,85284801,0,0,0,SAME
1538,95063301,active,1442,85284801,1442,85284801,0,0,0,SAME
1537,94954001,active,1384,76348702,1384,76348702,0,0,0,SAME
1573,99724501,active,1384,76348702,1384,76348702,150,1,0,SAME
1385,76348703,active,1383,76348701,1383,76348701,150,1,0,SAME
971,26582001,active,1385,76348703,1385,76348703,0,0,0,SAME
1120,43292301,active,1385,76348703,1385,76348703,150,1,0,SAME
1324,68673601,active,1120,43292301,1120,43292301,150,1,0,SAME
969,26522201,active,1324,68673601,1324,68673601,150,1,0,SAME
1178,48895701,active,1324,68673601,1324,68673601,0,0,0,SAME
1311,67302301,active,1324,68673601,1324,68673601,150,1,0,SAME
1325,68673602,lapsed,1324,68673601,1324,68673601,0,0,0,SAME
1261,61225401,active,1325,68673602,1325,68673602,150,1,0,SAME
914,19950601,withdrawn,1261,61225401,1261,61225401,0,0,0,SAME
1316,67710701,withdrawn,1325,68673602,1325,68673602,0,0,0,SAME
1556,96973001,withdrawn,1325,68673602,1325,68673602,0,0,0,SAME
1557,96973002,withdrawn,1556,96973001,1556,96973001,0,0,0,SAME
1326,68673603,active,1324,68673601,1324,68673601,0,0,0,SAME
1174,48743401,active,1326,68673603,1326,68673603,150,1,0,SAME
879,16521701,active,1174,48743401,1174,48743401,0,0,0,SAME
880,16521702,withdrawn,879,16521701,879,16521701,0,0,0,SAME
825,12564301,withdrawn,880,16521702,879,16521701,0,0,0,DIFF
1438,84834901,withdrawn,880,16521702,879,16521701,0,0,0,DIFF
1133,44356701,withdrawn,1438,84834901,1324,68673601,0,0,0,DIFF
814,11643601,withdrawn,1133,44356701,1133,44356701,0,0,0,SAME
1548,96447501,active,1133,44356701,1133,44356701,0,0,0,SAME
1139,45446001,withdrawn,1548,96447501,1548,96447501,0,0,0,SAME
1026,31813401,withdrawn,1139,45446001,879,16521701,0,0,0,DIFF
1412,81355101,withdrawn,1139,45446001,1324,68673601,0,0,0,DIFF
1443,85409701,withdrawn,1412,81355101,1324,68673601,0,0,0,DIFF
1454,86704501,withdrawn,1548,96447501,1548,96447501,0,0,0,SAME
1439,84834902,withdrawn,1438,84834901,1438,84834901,0,0,0,SAME
1254,60988101,withdrawn,879,16521701,879,16521701,0,0,0,SAME
1255,60988102,withdrawn,1254,60988101,1254,60988101,0,0,0,SAME
1267,62210801,withdrawn,879,16521701,879,16521701,0,0,0,SAME
1175,48743402,withdrawn,1174,48743401,1174,48743401,0,0,0,SAME
1415,81986001,active,1175,48743402,1175,48743402,0,0,0,SAME
1416,81986002,withdrawn,1415,81986001,1415,81986001,0,0,0,SAME
1346,70474201,withdrawn,1174,48743401,1174,48743401,0,0,0,SAME
1347,70474202,withdrawn,1346,70474201,1346,70474201,0,0,0,SAME
1411,81255101,active,1174,48743401,1174,48743401,0,0,0,SAME
1241,59087201,withdrawn,1411,81255101,1411,81255101,0,0,0,SAME
1225,56410401,withdrawn,1326,68673603,1326,68673603,0,0,0,SAME
1395,78281801,withdrawn,1326,68673603,1324,68673601,0,0,0,DIFF
1512,91864901,withdrawn,1324,68673601,1324,68673601,0,0,0,SAME
1348,70679701,autoship,1120,43292301,1120,43292301,0,0,0,SAME
1023,31462301,withdrawn,1348,70679701,1348,70679701,0,0,0,SAME
1414,81898301,withdrawn,1348,70679701,1348,70679701,0,0,0,SAME
1461,87519101,lapsed,1348,70679701,1348,70679701,0,0,0,SAME
1493,90126801,active,1120,43292301,1120,43292301,150,1,0,SAME
950,24163001,active,1493,90126801,1493,90126801,150,1,0,SAME
983,27422801,withdrawn,950,24163001,950,24163001,0,0,0,SAME
1266,62147201,withdrawn,950,24163001,950,24163001,0,0,0,SAME
1451,86316101,withdrawn,950,24163001,950,24163001,0,0,0,SAME
1104,42235701,lapsed,1493,90126801,1493,90126801,0,0,0,SAME
1150,46391101,active,1493,90126801,1493,90126801,150,1,0,SAME
1277,63537401,active,1385,76348703,1385,76348703,0,0,0,SAME
1184,49512501,active,1277,63537401,1385,76348703,150,1,0,DIFF
1349,71117201,active,1277,63537401,1385,76348703,150,1,0,DIFF
1462,87784401,active,1385,76348703,1385,76348703,0,0,0,SAME
1468,88295501,active,1385,76348703,1385,76348703,0,0,0,SAME
1486,89418501,lapsed,1385,76348703,1385,76348703,0,0,0,SAME
1476,88905501,lapsed,1383,76348701,1383,76348701,0,0,0,SAME
1340,70114501,withdrawn,1476,88905501,1476,88905501,0,0,0,SAME
835,13379501,withdrawn,1340,70114501,1340,70114501,0,0,0,SAME
1008,29960601,withdrawn,1340,70114501,1340,70114501,0,0,0,SAME
1146,46333701,lapsed,1340,70114501,1340,70114501,0,0,0,SAME
1147,46333702,withdrawn,1146,46333701,1146,46333701,0,0,0,SAME
1024,31490801,withdrawn,1147,46333702,1146,46333701,0,0,0,DIFF
1192,50273201,withdrawn,1147,46333702,1147,46333702,0,0,0,SAME
1560,97676101,withdrawn,1147,46333702,1147,46333702,0,0,0,SAME
1148,46333703,withdrawn,1146,46333701,1146,46333701,0,0,0,SAME
1149,46333704,withdrawn,1146,46333701,1146,46333701,0,0,0,SAME
1377,75492401,active,1149,46333704,1149,46333704,0,0,0,SAME
1477,88905502,lapsed,1476,88905501,1476,88905501,0,0,0,SAME
1125,43418501,active,1477,88905502,1477,88905502,0,0,0,SAME
894,18475101,withdrawn,1125,43418501,1125,43418501,0,0,0,SAME
1341,70180601,active,1125,43418501,1125,43418501,150,1,0,SAME
1429,83433901,active,1125,43418501,1125,43418501,150,1,0,SAME
1478,88905503,withdrawn,1476,88905501,1476,88905501,0,0,0,SAME
1564,98274001,active,1383,76348701,1383,76348701,0,0,0,SAME
858,15226301,active,1564,98274001,1564,98274001,150,1,0,SAME
840,14047101,active,858,15226301,858,15226301,150,1,0,SAME
892,18293401,withdrawn,840,14047101,840,14047101,0,0,0,SAME
1131,44146101,lapsed,892,18293401,858,15226301,0,0,0,DIFF
1049,35282801,withdrawn,1131,44146101,1131,44146101,0,0,0,SAME
1246,60213701,autoship,1131,44146101,1131,44146101,0,0,0,SAME
1440,84949401,withdrawn,1131,44146101,1131,44146101,0,0,0,SAME
1334,69571901,active,892,18293401,858,15226301,0,0,0,DIFF
1427,83191401,active,892,18293401,858,15226301,0,0,0,DIFF
957,25067801,active,840,14047101,840,14047101,150,1,0,SAME
902,19304201,active,957,25067801,957,25067801,150,1,0,SAME
861,15316501,active,902,19304201,902,19304201,0,0,0,SAME
1352,71583501,active,861,15316501,861,15316501,150,1,0,SAME
1499,90859701,withdrawn,902,19304201,1564,98274001,0,0,0,DIFF
1035,32988801,withdrawn,1499,90859701,858,15226301,0,0,0,DIFF
1740,25067802,active,957,25067801,957,25067801,150,1,0,SAME
819,12226601,withdrawn,1740,25067802,1564,98274001,0,0,0,DIFF
1350,71492901,active,819,12226601,858,15226301,0,0,0,DIFF
1345,70431701,active,1350,71492901,858,15226301,150,1,0,DIFF
1232,57697401,autoship,1740,25067802,1740,25067802,0,0,0,SAME
1335,69773101,withdrawn,1232,57697401,1232,57697401,0,0,0,SAME
1464,88236101,autoship,1335,69773101,1335,69773101,0,0,0,SAME
1465,88236102,withdrawn,1464,88236101,1464,88236101,0,0,0,SAME
1466,88236103,withdrawn,1464,88236101,1464,88236101,0,0,0,SAME
1570,99373801,active,1335,69773101,957,25067801,0,0,0,DIFF
997,28778201,withdrawn,1570,99373801,957,25067801,0,0,0,DIFF
1511,91827101,active,1232,57697401,858,15226301,150,1,0,DIFF
996,28661501,withdrawn,1511,91827101,957,25067801,0,0,0,DIFF
990,28066801,withdrawn,996,28661501,957,25067801,0,0,0,DIFF
1045,34637001,active,840,14047101,840,14047101,150,1,0,SAME
816,11934401,withdrawn,1045,34637001,858,15226301,0,0,0,DIFF
884,17117201,withdrawn,1045,34637001,858,15226301,0,0,0,DIFF
963,25408101,withdrawn,1045,34637001,858,15226301,0,0,0,DIFF
1513,91919401,active,840,14047101,840,14047101,150,1,0,SAME
859,15226302,withdrawn,858,15226301,858,15226301,0,0,0,SAME
942,22682101,withdrawn,859,15226302,859,15226302,0,0,0,SAME
1191,50167701,withdrawn,859,15226302,859,15226302,0,0,0,SAME
1200,52649401,withdrawn,859,15226302,859,15226302,0,0,0,SAME
860,15226303,active,858,15226301,858,15226301,150,1,0,SAME
936,21984301,active,860,15226303,860,15226303,0,0,0,SAME
1142,45679301,lapsed,860,15226303,860,15226303,0,0,0,SAME
1432,84341601,active,860,15226303,860,15226303,150,1,0,SAME
829,13192101,active,1432,84341601,1432,84341601,150,1,0,SAME
1153,46727701,active,1432,84341601,1432,84341601,150,1,0,SAME
1397,78880501,active,1432,84341601,1432,84341601,150,1,0,SAME
1436,84462301,active,1432,84341601,1432,84341601,150,1,0,SAME
1449,85791501,active,860,15226303,1383,76348701,150,1,0,DIFF
985,27524001,autoship,1564,98274001,1564,98274001,150,1,0,SAME
1177,48806101,withdrawn,985,27524001,985,27524001,0,0,0,SAME
1193,50473101,withdrawn,985,27524001,1564,98274001,0,0,0,DIFF
1374,74916201,active,985,27524001,1564,98274001,0,0,0,DIFF
1151,46435701,withdrawn,1564,98274001,1564,98274001,0,0,0,SAME
1186,49764601,active,1151,46435701,1151,46435701,0,0,0,SAME
1558,97131501,active,1564,98274001,1564,98274001,0,0,0,SAME
1382,76286501,withdrawn,1558,97131501,1558,97131501,0,0,0,SAME
1900,42845502,active,1114,42845501,1114,42845501,150,1,0,SAME
801,10580001,active,1900,42845502,1900,42845502,0,0,0,SAME
809,11003401,active,1900,42845502,1900,42845502,0,0,0,SAME
851,14733701,active,1900,42845502,1900,42845502,0,0,0,SAME
1107,42587701,active,1900,42845502,1900,42845502,0,0,0,SAME
876,16391501,active,1107,42587701,1107,42587701,150,1,0,SAME
877,16391502,active,876,16391501,876,16391501,0,0,0,SAME
961,25405501,active,877,16391502,877,16391502,0,0,0,SAME
922,20936501,withdrawn,961,25405501,961,25405501,0,0,0,SAME
962,25405502,withdrawn,961,25405501,961,25405501,0,0,0,SAME
1022,31137601,withdrawn,961,25405501,877,16391502,0,0,0,DIFF
1166,47825401,withdrawn,877,16391502,877,16391502,0,0,0,SAME
1260,61170401,withdrawn,877,16391502,877,16391502,0,0,0,SAME
878,16391503,withdrawn,876,16391501,876,16391501,0,0,0,SAME
910,19737901,withdrawn,878,16391503,878,16391503,0,0,0,SAME
1285,64452101,withdrawn,878,16391503,878,16391503,0,0,0,SAME
1467,88249701,withdrawn,878,16391503,878,16391503,0,0,0,SAME
1362,72612801,autoship,876,16391501,876,16391501,150,1,0,SAME
813,11583401,withdrawn,1362,72612801,1134,44504701,0,0,0,DIFF
1426,83081201,withdrawn,813,11583401,813,11583401,0,0,0,SAME
1540,95478201,active,813,11583401,1134,44504701,0,0,0,DIFF
1118,43095601,withdrawn,1540,95478201,1540,95478201,0,0,0,SAME
1409,80518201,withdrawn,1540,95478201,1540,95478201,0,0,0,SAME
852,14840001,withdrawn,1409,80518201,813,11583401,0,0,0,DIFF
1244,59845201,withdrawn,1409,80518201,1107,42587701,0,0,0,DIFF
1505,91520301,withdrawn,1540,95478201,1484,89248801,0,0,0,DIFF
1156,46953701,withdrawn,1505,91520301,1505,91520301,0,0,0,SAME
949,23895401,withdrawn,1156,46953701,1156,46953701,0,0,0,SAME
1235,58253801,withdrawn,1156,46953701,813,11583401,0,0,0,DIFF
1544,95854501,withdrawn,1540,95478201,1540,95478201,0,0,0,SAME
1572,99516701,lapsed,1540,95478201,1540,95478201,0,0,0,SAME
1020,30969901,active,1572,99516701,1572,99516701,0,0,0,SAME
889,17791001,withdrawn,1362,72612801,1362,72612801,0,0,0,SAME
1330,68966001,withdrawn,1362,72612801,1362,72612801,0,0,0,SAME
1108,42587702,withdrawn,1107,42587701,1107,42587701,0,0,0,SAME
1109,42587703,active,1107,42587701,1107,42587701,0,0,0,SAME
935,21953101,withdrawn,1109,42587703,1109,42587703,0,0,0,SAME
1304,66415901,active,1109,42587703,1109,42587703,150,1,0,SAME
1073,39333301,active,1304,66415901,1304,66415901,150,1,0,SAME
1074,39333302,withdrawn,1073,39333301,1073,39333301,0,0,0,SAME
991,28116301,lapsed,1074,39333302,1073,39333301,0,0,0,DIFF
1314,67627901,withdrawn,991,28116301,1073,39333301,0,0,0,DIFF
1127,43846001,withdrawn,1314,67627901,1073,39333301,0,0,0,DIFF
1315,67627902,withdrawn,1314,67627901,1314,67627901,0,0,0,SAME
1450,86062501,withdrawn,1314,67627901,1073,39333301,0,0,0,DIFF
1376,75292601,active,991,28116301,1073,39333301,0,0,0,DIFF
901,19061001,withdrawn,1376,75292601,1073,39333301,0,0,0,DIFF
1027,31829201,withdrawn,1376,75292601,1376,75292601,0,0,0,SAME
1138,45281101,withdrawn,1376,75292601,1073,39333301,0,0,0,DIFF
1509,91730101,withdrawn,991,28116301,1073,39333301,0,0,0,DIFF
1206,53689001,withdrawn,1074,39333302,1073,39333301,0,0,0,DIFF
1386,76813001,withdrawn,1074,39333302,1073,39333301,0,0,0,DIFF
873,16041701,withdrawn,1386,76813001,1073,39333301,0,0,0,DIFF
1280,63787601,withdrawn,1386,76813001,1304,66415901,0,0,0,DIFF
1075,39333303,withdrawn,1073,39333301,1073,39333301,0,0,0,SAME
800,10492201,withdrawn,1075,39333303,1073,39333301,0,0,0,DIFF
1081,39920901,withdrawn,1075,39333303,1073,39333301,0,0,0,DIFF
1223,56105501,withdrawn,1075,39333303,1073,39333301,0,0,0,DIFF
1388,77283001,withdrawn,1073,39333301,1073,39333301,0,0,0,SAME
986,27595001,withdrawn,1388,77283001,1388,77283001,0,0,0,SAME
1389,77283002,withdrawn,1388,77283001,1388,77283001,0,0,0,SAME
1105,42455601,active,1304,66415901,1304,66415901,0,0,0,SAME
1294,65493601,withdrawn,1304,66415901,1304,66415901,0,0,0,SAME
1305,66415902,active,1304,66415901,1304,66415901,0,0,0,SAME
1005,28957801,withdrawn,1305,66415902,1305,66415902,0,0,0,SAME
1090,40624801,active,1305,66415902,1305,66415902,150,1,0,SAME
1195,50927601,active,1305,66415902,1305,66415902,0,0,0,SAME
1306,66415903,autoship,1304,66415901,1304,66415901,150,1,0,SAME
820,12234101,active,1306,66415903,1306,66415903,0,0,0,SAME
1357,72073901,withdrawn,1306,66415903,1306,66415903,0,0,0,SAME
1368,73307401,withdrawn,1306,66415903,1306,66415903,0,0,0,SAME
1076,39456101,withdrawn,1368,73307401,1368,73307401,0,0,0,SAME
1387,77239601,active,1368,73307401,1368,73307401,150,1,0,SAME
1498,90842301,withdrawn,1368,73307401,1368,73307401,0,0,0,SAME
1220,55165901,withdrawn,1900,42845502,1900,42845502,0,0,0,SAME
836,13451401,withdrawn,1220,55165901,1220,55165901,0,0,0,SAME
1251,60649301,active,1900,42845502,1900,42845502,0,0,0,SAME
1393,77881701,active,1283,64150101,1134,44504701,150,1,0,DIFF
918,20419801,active,1393,77881701,1393,77881701,150,1,0,SAME
966,25808401,active,1393,77881701,1393,77881701,0,0,0,SAME
1327,68791101,active,1393,77881701,1484,89248801,150,1,0,DIFF
1004,28864601,active,1327,68791101,1327,68791101,150,1,0,SAME
1052,35922901,withdrawn,1327,68791101,1327,68791101,0,0,0,SAME
1084,40220601,active,1327,68791101,1327,68791101,0,0,0,SAME
1091,40643501,withdrawn,1327,68791101,1327,68791101,0,0,0,SAME
1117,43003901,withdrawn,1327,68791101,1327,68791101,0,0,0,SAME
1119,43276701,active,1327,68791101,1327,68791101,150,1,0,SAME
1471,88405101,active,1327,68791101,1327,68791101,150,1,0,SAME
1485,89280801,active,1327,68791101,1327,68791101,150,1,0,SAME
1569,99180101,withdrawn,1327,68791101,1327,68791101,0,0,0,SAME
1398,78996401,active,1393,77881701,1393,77881701,150,1,0,SAME
1162,47496501,active,1398,78996401,1398,78996401,0,0,0,SAME
1390,77478101,active,1398,78996401,1398,78996401,0,0,0,SAME
1403,79957101,active,1398,78996401,1393,77881701,150,1,0,DIFF
1189,50124001,active,1403,79957101,1403,79957101,150,1,0,SAME
1351,71494701,active,1403,79957101,1393,77881701,150,1,0,DIFF
1099,41657101,active,1351,71494701,1351,71494701,150,1,0,SAME
1473,88686101,lapsed,1351,71494701,1351,71494701,0,0,0,SAME
1447,85627701,active,1403,79957101,1403,79957101,150,1,0,SAME
1281,63893701,active,1447,85627701,1447,85627701,150,1,0,SAME
846,14372601,active,1281,63893701,1281,63893701,150,1,0,SAME
2208,82179502,active,1418,82179501,1418,82179501,0,1,1,SAME
